,No noise,Some noise (sigma 0.1),Noisy (sigma 0.4)
count,400.0,400.0,400.0
mean,0.4278236819771811,0.42683839516091804,0.42388253471212795
std,0.2771058640574798,0.2970170901005438,0.4911107356533197
min,0.04499537232697587,-0.1328588262031415,-0.9252062371558956
25%,0.22927579160344744,0.21397737570711925,0.08638743969648953
50%,0.35000116076693744,0.3700473144468897,0.4244824481022505
75%,0.566714091417406,0.5862315131255774,0.7060899492485745
max,1.2184584536157588,1.3701026153791074,1.959264931796792
