,MSE,R^2
No noise,0.0021433990921663495,0.9720167143698258
Some noise (sigma 0.1),0.010635716002999595,0.8791376734659768
Noisy (sigma 0.4),0.15187549463146127,0.36872884515881443
