,MSE,R^2
No noise,0.0021433990921663495,0.9999300417859246
Some noise (sigma 0.1),0.010635716002999595,0.9996978441836649
Noisy (sigma 0.9),0.7731512186654377,0.9978270025401335
