,MSE,R^2
No noise,0.0034280557857488837,0.9996302900283595
Some noise (sigma 0.1),0.014821175087779394,0.9985195554100039
Noisy (sigma 0.9),1.0676973864467498,0.99054810833548
