,MSE,R^2
No noise,0.0034280557857488837,0.9556237063011801
Some noise (sigma 0.1),0.014821175087779394,0.822346630637743
Noisy (sigma 0.4),0.20928907581765807,0.1150333718975951
