,MSE,R^2
1,0.6076833829651508,0.39232155938517865
2,0.5712190286322714,0.42878561714978125
3,0.535714092899227,0.46429026411759744
4,0.5215263173902557,0.4784779242359575
5,0.5126105742250413,0.4873935948885323
6,0.5082117301889298,0.4917924031484009
7,0.5081256441564778,0.4918784884807066
8,0.5081186779331412,0.4918854546473861
